{
    "name": "SpeccyP",
    "url": "",
    "vendor": "Speccy_Pico",
    "build": {
        "core": "RP2040",
        "cpu": "cortex-m0plus",
        "f_cpu": "120000000L",
        "hwids": [
        [
            "0x2E8A",
            "0x00C0"
        ]
        ],
        "mcu": "RP2040",
        "variant": "RASPBERRY_PI_PICO"
    },
    "debug": {
        "jlink_device": "RP2040_M0_0",
        "openocd_target": "rp2040.cfg",
        "svd_path": "rp2040.svd"
    },
    "frameworks": [
        "arduino",
        "baremetal"
    ],
    "upload": {
        "maximum_ram_size": 270336,
        "maximum_size": 2097152,
        "require_upload_port": true,
        "native_usb": true,
        "use_1200bps_touch": true,
        "wait_for_upload_port": false,
        "protocol": "picotool",
        "protocols": [
        "cmsis-dap",
        "jlink",
        "raspberrypi-swd",
        "picotool",
        "uf2"
        ]
    }
}
